TITLE,ARTIST,YEAR,GENRE,SUBGENRES,DESCRIPTORS,LENGTH,LABEL,COUNTRY,COMPILATION?
A Hard Day's Night,The Beatles,1964,Rock,"Merseybeat,Pop Rock,Rock & Roll,Folk Pop","love,melodic,romantic,male vocalist,energetic,happy,uplifting,bittersweet,lonely,passionate,breakup,warm,longing",30.15,Parlophone,GBR,N
A Rush of Blood to the Head,Coldplay,2002,Alternative,"Post-Britpop,Pop Rock,Piano Rock,Art Rock","melancholic,romantic,male vocalist,melodic,bittersweet,introspective,lush,atmospheric,mellow,longing,love,sentimental,passionate,uplifting,winter,lonely,sombre,soft,poetic,epic,anthemic",54.13,Parlophone,GBR,N
A Sailor's Guide to Life on Earth,Sturgill Simpson,2016,Country,"Country Soul,Alt-Country,Progressive Country,Southern Soul,Outlaw Country","passionate,spiritual,male vocalist,eclectic,bittersweet,introspective,aquatic,concept album,atmospheric,melodic,lush",38.9,Atlantic,USA,N
Abbey Road,The Beatles,1969,Rock,"Pop Rock,Psychedelic Pop,Progressive Pop,Art Pop","melodic,warm,male vocalist,summer,bittersweet,uplifting,love,medley,lush,mellow,eclectic,sentimental,romantic,happy,psychedelic,quirky,playful,energetic,optimistic,spring",47.04,Parlophone,GBR,N
All Mod Cons,The Jam,1978,Rock,"Mod Revival,New Wave,Power Pop,Punk Rock","urban,energetic,melodic,male vocalist,conscious,rhythmic,passionate,rebellious,sarcastic,love,political,angry,playful",37.76,Polydor,GBR,N
Amadjar,Tinariwen,2019,World,Tishoumaren,"warm,desert,hypnotic,rhythmic,male vocalist,mellow,psychedelic,repetitive",62.68,ANTI-,MLI,N
Amnesiac,Radiohead,2001,Alternative,"Art Rock,Experimental Rock,Electronic,Jazz-Rock,Art Pop","anxious,sombre,atmospheric,melancholic,cryptic,male vocalist,abstract,surreal,lonely,mysterious,cold,dark,nocturnal,apathetic,eclectic,complex,mechanical,avant-garde,pessimistic,progressive,apocalyptic,death,depressive,longing,alienation",43.95,Parlophone,GBR,N
Animals,Pink Floyd,1977,Rock,"Progressive Rock,Art Rock,Psychedelic Rock","political,philosophical,pessimistic,concept album,sarcastic,progressive,satirical,male vocalist,atmospheric,complex,alienation,angry,passionate,misanthropic,protest,epic,conscious,rebellious,existential,dark,urban,psychedelic",41.7,Harvest,GBR,N
Annihilation of the Wicked,Nile,2005,Metal,"Technical Death Metal,Brutal Death Metal","technical,heavy,history,mythology,aggressive,male vocalist,epic,death,occult,energetic,dense,uncommon time signatures,fantasy,complex,dark,ominous,rhythmic,infernal,desert",52.07,Relapse,USA,N
At Carnegie Hall,Dave Brubeck,1963,Jazz,Cool Jazz,"playful,acoustic,uncommon time signatures,instrumental,rhythmic,uplifting,melodic,mellow,improvisation,eclectic,soothing",105.6,Columbia,USA,N
Atrocity Exhibition,Danny Brown,2016,Hip-Hop,"Experimental Hip Hop,Hardcore Hip Hop,Abstract Hip Hop,Industrial Hip Hop,Post-Punk","drugs,dark,manic,psychedelic,male vocalist,abstract,chaotic,sexual,anxious,eclectic,sampling,surreal,vulgar,boastful,hedonistic,disturbing,urban,atmospheric,introspective,nocturnal,crime,pessimistic,dissonant,suicide,depressive,rhythmic,alcohol,aggressive,self-hatred,avant-garde,concept album,alienation,suspenseful,existential,quirky,nihilistic",46.8,Warp,USA,N
Automatic for the People,R.E.M.,1992,Alternative,"Alternative Rock,Pop Rock,Jangle Pop,Acoustic Rock,Folk Rock","bittersweet,melodic,melancholic,passionate,sombre,male vocalist,lonely,acoustic,introspective,warm,death,sentimental,sad,autumn,atmospheric,longing,lush,uplifting,nocturnal",48.9,Warner Bros.,USA,N
Back in Black,AC/DC,1980,Rock,"Hard Rock,Blues Rock","energetic,male vocalist,sexual,rhythmic,raw,hedonistic,anthemic,rebellious,heavy,boastful,melodic,passionate,playful,party",42.03,Albert,AUS,N
Bandwagonesque,Teenage Fanclub,1991,Alternative,"Power Pop,Jangle Pop,Indie Rock,Noise Pop,C86,Shoegaze","melodic,male vocalist,bittersweet,romantic,sentimental,love,energetic,warm,summer,noisy,uplifting,mellow,longing",42.88,Creation,GBR,N
Bee Thousand,Guided by Voices,1994,Alternative,"Slacker Rock,Power Pop,Garage Rock,Psychedelic Pop,Indie Pop,Noise Pop","lo-fi,melodic,cryptic,playful,surreal,male vocalist,energetic,raw,bittersweet,passionate,poetic,quirky,psychedelic,noisy,summer,abstract,fantasy,humorous,eclectic,warm,suite",36.6,Scat,USA,N
Black Holes and Revelations,Muse,2006,Alternative,"Alternative Rock,Progressive Rock,Pop Rock,Space Rock Revival","epic,science fiction,energetic,male vocalist,melodic,passionate,political,progressive,space,eclectic,futuristic,rebellious,war,bittersweet,rhythmic,sentimental,heavy",50.22,Warner Bros.,GBR,N
Black Up,Shabazz Palaces,2011,Hip-Hop,"Experimental Hip Hop,Abstract Hip Hop,Conscious Hip Hop,Glitch Hop,Wonky","surreal,mysterious,nocturnal,atmospheric,hypnotic,dark,male vocalist,spiritual,sampling,psychedelic,cryptic,futuristic,philosophical,abstract,progressive,poetic,tribal,ominous,rhythmic,avant-garde,sparse,eclectic,conscious,optimistic,boastful,ritualistic,playful,minimalistic,complex",36.12,Sub Pop,USA,N
Blood Sugar Sex Magik,Red Hot Chili Peppers,1991,Rock,"Funk Rock,Alternative Rock,Rap Rock","sexual,energetic,playful,male vocalist,drugs,vulgar,humorous,summer,rhythmic,bittersweet,hedonistic,warm,rebellious,boastful",73.9,Warner Bros.,USA,N
Blow by Blow,Jeff Beck,1975,Rock,"Jazz-Rock,Jazz-Funk,Jazz Fusion,Funk Rock","instrumental,technical,rhythmic,complex,playful,lush",44.53,Epic,GBR,N
Blue,Joni Mitchell,1971,Folk,"Singer-Songwriter,Contemporary Folk,Folk Pop","acoustic,melancholic,female vocalist,bittersweet,sentimental,romantic,breakup,melodic,mellow,love,soft,introspective,lonely,poetic,calm,longing,pastoral,passionate,soothing,autumn,nocturnal",36.23,Reprise,CAN,N
Bomberman Hero Original Soundtrack,Chikuma Jun,1998,Soundtrack,"Video Game Music,Atmospheric Drum and Bass,Acid Techno,Jungle,Downtempo,Jazzstep,Sequencer & Tracker,Ambient House,Nu Jazz","futuristic,instrumental,rhythmic,energetic,mechanical,repetitive,psychedelic,eclectic,hypnotic,playful,sampling,lo-fi,ethereal,atmospheric,surreal,cold",47.67,NTT,JPN,Y
Bon Iver,Bon Iver,2011,Alternative,"Art Pop,Indie Folk,Chamber Folk,Singer-Songwriter","lush,melancholic,melodic,mellow,introspective,poetic,atmospheric,male vocalist,bittersweet,soothing,pastoral,nature,romantic,longing,spring,soft,love,passionate,abstract,ethereal",39.48,Jagjaguwar,USA,N
Brothers,The Black Keys,2010,Rock,"Blues Rock,Garage Rock,Swamp Rock,Soul,Psychedelic Rock","male vocalist,passionate,energetic,love,psychedelic,melodic,longing,warm,rhythmic,eclectic,raw",55.67,Nonesuch,USA,N
Buena Vista Social Club,Buena Vista Social Club,1997,World,"Son cubano,Bolero,Guajira,Descarga,Danzón,Trova","warm,rhythmic,uplifting,tropical,melodic,male vocalist,mellow,sentimental,playful,acoustic,romantic,soothing,passionate,summer,love",60.22,World Circuit,CUB,N
Capsule Losing Contact,Duster,2019,Alternative,"Slowcore,Slacker Rock,Post-Rock,Dream Pop,Space Rock,Space Rock Revival,Shoegaze","atmospheric,warm,space,lo-fi,male vocalist,sombre,mellow,lethargic,ethereal,lonely,melancholic,raw,psychedelic,sparse,abstract,cold,sad,autumn,winter,nocturnal,soothing,hypnotic",163.43,Numero Group,USA,N
Catch a Fire,The Wailers,1973,Reggae,"Roots Reggae,Rocksteady","mellow,conscious,rhythmic,summer,melodic,male vocalist,warm,uplifting,tropical,passionate,optimistic,drugs,love,bittersweet,political,protest,urban",43.95,Island,JAM,N
Causers of This,Toro y Moi,2010,Alternative,"Chillwave,Glitch Pop,Neo-Psychedelia,Bedroom Pop,Synthpop,Chillsynth","sampling,lush,summer,psychedelic,love,aquatic,male vocalist,bittersweet,atmospheric,hypnotic,dense,surreal,eclectic,soothing,mellow,breakup,optimistic,ethereal,futuristic,abstract,warm,nocturnal",36.65,Carpark,USA,N
Chrono Trigger Original Sound Version,"Mitsuda Yasunori, Uematsu Nobuo",1995,Soundtrack,"Video Game Music,16-bit,New Age,Fanfare,Ambient,Cinematic Classical,Orchestral,Sounds and Effects","epic,fantasy,instrumental,atmospheric,eclectic,science fiction,mysterious,medieval,lush,ethereal,melancholic,soothing,warm,bittersweet,triumphant,forest,futuristic",150.95,NTT,JPN,Y
Congratulations,MGMT,2010,Alternative,"Psychedelic Pop,Neo-Psychedelia,Progressive Pop,Indie Surf,Psychedelic Rock","psychedelic,warm,male vocalist,surreal,melodic,progressive,summer,playful,aquatic,introspective,eclectic,atmospheric,dense,drugs,bittersweet,quirky,uplifting,cryptic,energetic,hypnotic,sentimental,lush,existential,conscious",43.82,Columbia,USA,N
Contra,Vampire Weekend,2010,Alternative,"Indie Pop,Art Pop,Indietronica,Indie Rock","warm,melodic,playful,romantic,male vocalist,lush,uplifting,happy,quirky,bittersweet,urban,energetic,mellow,eclectic,poetic,summer,tropical,LGBT,sentimental",36.73,XL,USA,N
Crazy for You,Best Coast,2010,Alternative,"Indie Pop,Indie Surf,Twee Pop,Slacker Rock,Surf Rock,Garage Rock,Garage Rock Revival","summer,romantic,warm,Wall of Sound,lonely,female vocalist,bittersweet,sentimental,melodic,lo-fi,melancholic,repetitive,happy,longing,hedonistic,love,noisy,anthemic,energetic",31.63,Mexican Summer,USA,N
Ctrl,SZA,2017,Soul,"Alternative R&B,Neo-Soul,Neo-Soul,Psychedelic Soul,Trap Soul","love,introspective,sexual,bittersweet,breakup,sensual,female vocalist,mellow,rhythmic,romantic,lush,soothing,playful,lonely,passionate,anxious,warm,poetic,melancholic,melodic,concept album,existential,longing,sentimental,nocturnal,psychedelic",49.1,TDE,USA,N
DAMN.,Kendrick Lamar,2017,Hip-Hop,"Conscious Hip Hop,West Coast Hip Hop,Trap,Pop Rap,Political Hip Hop,Contemporary R&B","introspective,conscious,male vocalist,death,rhythmic,sampling,existential,passionate,serious,urban,political,spiritual,concept album,eclectic,sombre,melancholic,religious,self-hatred,Christian",55.02,TDE,USA,N
Daydream Nation,Sonic Youth,1988,Alternative,"Noise Rock,Alternative Rock,Post-Punk,Experimental Rock,Art Punk,Slacker Rock","energetic,anxious,raw,noisy,urban,rebellious,male vocalist,dissonant,female vocalist,apathetic,chaotic,rhythmic,abstract,alienation,introspective,cryptic,angry,surreal,sarcastic,melodic,dark,passionate,psychedelic,hypnotic,manic,atmospheric,avant-garde,dense,technical,suspenseful",70.82,Enigma,USA,N
De Stijl,The White Stripes,2000,Alternative,"Blues Rock,Alternative Rock,Garage Rock Revival,Punk Blues,Garage Rock Revival","energetic,raw,lo-fi,male vocalist,rebellious,minimalistic,longing,melodic,love,lonely",37.63,Sympathy for the Record Industry,USA,N
Declaration of Dependence,Kings of Convenience,2009,Folk,"Indie Folk,Folk Pop,Chamber Folk,Indie Pop,Chamber Pop","male vocalist,calm,mellow,acoustic,melodic,sentimental,introspective,bittersweet,melancholic,warm",45.22,Virgin,NOR,N
Demon Days,Gorillaz,2005,Alternative,"Art Pop,Trip Hop,Alternative Rock,Hip Hop,Alternative Rock,Alternative Dance,Electronic,Trip Hop","eclectic,melancholic,male vocalist,political,lonely,urban,conscious,cryptic,concept album,sombre,quirky,rhythmic,anxious,alienation,sampling,apocalyptic,playful,atmospheric,dark,drugs,nocturnal,introspective,mellow",50.82,Parlophone,GBR,N
Discovery,Daft Punk,2001,Electronic,"French House,Electro-Disco,Funky House,Dance-Pop,Synth Funk,Nu-Disco,Synthpop","futuristic,energetic,party,sampling,rhythmic,playful,repetitive,happy,male vocalist,uplifting,optimistic,melodic,space,love,lush,romantic,atmospheric,nocturnal,androgynous vocals,concept album,warm,eclectic,sentimental,ethereal,instrumental",61.13,Virgin,FRA,N
Dive,Tycho,2011,Electronic,"Downtempo,Ambient,Chillwave,Ambient House","mellow,atmospheric,summer,ethereal,instrumental,warm,lush,peaceful,soft,rhythmic,aquatic,soothing,bittersweet,melancholic,hypnotic,sentimental,calm,psychedelic",50.7,Ghostly International,USA,N
Djangology,Django Reinhardt & Stephane Grappelli,1961,Jazz,"Jazz manouche,Swing","acoustic,instrumental,technical,soothing,warm,uplifting,playful,melodic,sentimental,bittersweet,improvisation",74,Bluebird,FRA,N
Dummy,Portishead,1994,Electronic,"Trip Hop,Dark Jazz,Acid Jazz,Illbient","melancholic,atmospheric,mysterious,dark,nocturnal,female vocalist,sampling,mellow,sombre,introspective,sensual,breakup,lonely,serious,rhythmic,longing,depressive,romantic,urban,alienation,anxious,sad,cold,self-hatred,melodic,passionate",49.25,Go! Beat,GBR,N
Duo,Charlie Hunter & Leon Parker,1999,Jazz,"Fusion,Jazz-Rock,Post-Bop,Soul Jazz,Contemporary Jazz,Acid Jazz,Guitar Jazz,Jazz Instrumental","passionate,confident,rousing,playful,fun,imaginative,soothing,technical,improvisation,melodic",44.47,Blue Note,USA,N
Either/Or,Elliott Smith,1997,Alternative,"Singer-Songwriter,Indie Folk,Indie Pop,Slacker Rock,Folk Rock","melancholic,mellow,depressive,acoustic,introspective,lonely,melodic,male vocalist,sad,sombre,poetic,bittersweet,alienation,self-hatred,anxious,pessimistic,autumn,alcohol,love,lo-fi",36.98,Kill Rock Stars,USA,N
Electric Ladyland,The Jimi Hendrix Experience,1968,Rock,"Blues Rock,Psychedelic Rock,Acid Rock,Hard Rock","psychedelic,drugs,sensual,surreal,energetic,raw,male vocalist,sexual,passionate,technical,spiritual,warm,summer,progressive,love,hedonistic,improvisation,melodic,heavy,mellow,boastful,eclectic,dense,atmospheric,complex,nocturnal,rain",75.45,Reprise,USA,N
Endtroducing….,DJ Shadow,1996,Hip-Hop,"Instrumental Hip Hop,Experimental Hip Hop,Plunderphonics,Trip Hop,Turntablism","sampling,instrumental,atmospheric,nocturnal,mysterious,urban,rhythmic,hypnotic,eclectic,sombre,dense,complex,repetitive,mellow,suspenseful,progressive,dark,meditative,psychedelic,technical",63.55,Mo' Wax,USA,N
Enter the Wu-Tang (36 Chambers),Wu-Tang Clan,1993,Hip-Hop,"East Coast Hip Hop,Boom Bap,Hardcore Hip Hop","urban,aggressive,crime,raw,boastful,violence,rhythmic,dark,sampling,energetic,male vocalist,vulgar,rebellious,drugs,nihilistic,passionate,lo-fi,nocturnal,pessimistic,playful,atmospheric,manic,minimalistic,humorous,hedonistic,technical,conscious,death,hateful,serious",58.45,Loud,USA,N
Every Day,The Cinematic Orchestra,2002,Electronic,"Nu Jazz,Downtempo,Soul","rhythmic,urban,soothing,nocturnal,atmospheric,lush,mellow,passionate,male vocalist,peaceful,progressive,female vocalist,dark",68.47,Ninja Tune,GBR,N
Everybody Works,Jay Som,2017,Alternative,"Indie Rock,Dream Pop,Indie Pop,Shoegaze,Bedroom Pop","mellow,warm,female vocalist,melodic,bittersweet,lo-fi,lush,lethargic,longing,summer,atmospheric,introspective,LGBT",35.6,Polyvinyl,USA,N
FANTASMA,Cornelius,1997,Alternative,"Shibuya-kei,Indietronica,Neo-Psychedelia,Psychedelic Pop,Plunderphonics,Picopop,Noise Pop,Art Pop,Breakbeat,Twee Pop","eclectic,playful,energetic,psychedelic,sampling,happy,quirky,warm,melodic,male vocalist,uplifting,summer,progressive,dense,futuristic,atmospheric,concept album,bittersweet",50.07,Trattoria,JPN,N
Fantasy,Night Tempo,2017,Electronic,"Future Funk,Disco Rap","sampling,playful,rhythmic,warm,melodic,uplifting,fantasy,party,energetic",66.75,Neon City,KOR,N
FIFA 10 Soundtrack,Electronic Arts,2009,Soundtrack,,,142.85,Electronic Arts,CAN,Y
Final Fantasy VII Original Soundtrack,Uematsu Nobuo,1997,Soundtrack,"Video Game Music,Sequencer & Tracker,Orchestral,Cinematic Classical","epic,suspenseful,bittersweet,mechanical,urban,sentimental,triumphant,orchestral,fantasy,instrumental,mysterious,futuristic",274.18,DigiCube,JPN,Y
Flower (Original Video Game Soundtrack),Vincent Diamante,2010,Soundtrack,"Video Game Music,Cinematic Classical",,64.63,SCEA,USA,Y
Fox Confessor Brings the Flood,Neko Case,2006,Alternative,"Alt-Country,Singer-Songwriter,Americana,Contemporary Folk","melodic,lush,pastoral,female vocalist,longing,bittersweet,autumn,folklore,nature,mellow,atmospheric,introspective,Christian,passionate,ethereal,concept album",35.83,ANTI-,CAN,N
Fragile,Yes,1971,Rock,"Progressive Rock,Symphonic Prog","epic,uncommon time signatures,complex,technical,male vocalist,progressive,nature,lush,uplifting,melodic,warm,optimistic,energetic,happy,psychedelic,eclectic,playful,triumphant,passionate,rhythmic,bittersweet,surreal vocalist,progressive,nature,lush,uplifting,melodic,warm,optimistic,energetic,happy,psychedelic,eclectic,playful,triumphant,passionate,rhythmic,bittersweet,surreal",41.22,Atlantic,GBR,N
Freetown Sound,Blood Orange,2016,Soul,"Alternative R&B,Synth Funk,Sophisti-Pop,Synthpop,Art Pop,Neo-Soul,New Jack Swing","bittersweet,love,conscious,atmospheric,LGBT,protest,lush,male vocalist,sensual,romantic,mellow,sampling,introspective,rhythmic,nocturnal,eclectic,passionate,melancholic,female vocalist,melodic",58.67,Domino,GBR,N
Fun House,The Stooges,1970,Rock,"Proto-Punk,Garage Rock,Hard Rock,Noise Rock,Free Jazz","energetic,raw,sexual,manic,rebellious,aggressive,hedonistic,noisy,drugs,chaotic,male vocalist,rhythmic,nihilistic,heavy,psychedelic,repetitive,anthemic,dissonant,surreal,infernal,anxious,avant-garde",36.67,Elektra,USA,N
Ga Ga Ga Ga Ga,Spoon,2007,Alternative,"Indie Rock,Indie Pop,Pop Rock,Garage Rock Revival,Art Rock","male vocalist,melodic,rhythmic,bittersweet,urban,energetic,quirky,sarcastic,conscious,melancholic",33.52,Merge,USA,N
"good kid, m.A.A.d city",Kendrick Lamar,2012,Hip-Hop,"West Coast Hip Hop,Conscious Hip Hop,Hardcore Hip Hop,Pop Rap,Trap","urban,concept album,crime,conscious,introspective,male vocalist,passionate,violence,Christian,existential,bittersweet,alcohol,sentimental,sexual,boastful,hedonistic,rhythmic,poetic,sampling,serious,mellow",68.35,TDE,USA,N
Good Morning Vietnam (The Original Motion…),Adrian Cronauer,1987,Soundtrack,"Film Soundtrack,Rock,Girl Group,Soul,Vocal Surf,Spoken Word","female vocalist,warm,humorous,uplifting,summer,love,male vocalist",34.73,A&M,USA,Y
Grace,Jeff Buckley,1994,Alternative,"Singer-Songwriter,Alternative Rock,Art Rock","passionate,melancholic,bittersweet,love,romantic,introspective,poetic,male vocalist,existential,longing,sentimental,sad,death,sombre,eclectic,depressive,sensual,ethereal,breakup,melodic,psychedelic,alcohol",51.77,Columbia,USA,N
Green River,Creedence Clearwater Revival,1969,Rock,"Swamp Rock,Country Rock,Blues Rock","male vocalist,pastoral,passionate,melodic,warm,uplifting,energetic,rebellious",29.37,Fantasy,USA,N
Handwritten,The Gaslight Anthem,2012,Rock,"Alternative Rock,Heartland Rock,Punk Rock",male vocalist,41.15,Mercury,USA,N
Happy End of the World,Pizzicato Five,1997,Pop,"Shibuya-kei,Lounge,Drum and Bass,Sunshine Pop,Downtempo","playful,eclectic,female vocalist,urban,melodic,optimistic,sampling,rhythmic",62.6,Readymade,JPN,N
Hiperasia,El Guincho,2016,Electronic,"Glitch Pop,Reggaetón,Wonky,Psychedelic Pop","quirky,rhythmic,uplifting,surreal,male vocalist,summer,futuristic,urban,melancholic,surreal,abstract",41.67,Everlasting,ESP,N
Hunky Dory,David Bowie,1971,Rock,"Pop Rock,Glam Rock,Art Rock,Piano Rock,Singer-Songwriter,Art Pop,Baroque Pop","melodic,playful,quirky,male vocalist,lush,warm,melancholic,introspective,sarcastic,poetic,bittersweet,humorous,energetic,surreal,abstract",41.82,RCA,GBR,N
I Am an Island,Fatherson,2014,Rock,Alternative Rock,"male vocalist,anthemic,melancholic,romantic,self-hatred,lonely",44.6,A Modern Way,GBR,N
Illmatic,Nas,1994,Hip-Hop,"East Coast Hip Hop,Boom Bap,Hardcore Hip Hop,Conscious Hip Hop,Jazz Rap","urban,crime,introspective,sampling,male vocalist,conscious,drugs,rhythmic,philosophical,boastful,violence,serious,passionate,technical,poetic,alcohol,hedonistic,melancholic",39.82,Columbia,USA,N
In a Silent Way,Miles Davis,1969,Jazz,"Jazz Fusion,Modal Jazz,Avant-Garde Jazz,Ambient","instrumental,atmospheric,nocturnal,improvisation,mellow,mysterious,soothing,calm,meditative,hypnotic,peaceful,suite",38.12,Columbia,USA,N
In Rainbows,Radiohead,2007,Rock,"Art Rock,Alternative Rock,Electronic,Dream Pop,Art Pop","lush,male vocalist,melancholic,introspective,bittersweet,atmospheric,mellow,warm,ethereal,longing,romantic,melodic,death,passionate,eclectic,eclectic,existential,rhythmic,hypnotic,autumn,progressive,psychedelic",42.65,Self-Released,GBR,N
In the Court of the Crimson King,King Crimson,1969,Rock,"Progressive Rock,Art Rock,Symphonic Prog,Jazz-Rock,Free Improvisation,Psychedelic Rock","fantasy,epic,progressive,complex,poetic,surreal,male vocalist,philosophical,melancholic,technical,abstract,improvisation,lonely,medieval,political,psychedelic,dense,existential,avant-garde,atmospheric,anxious,passionate,apocalyptic",44.5,Island,GBR,N
In the Wee Small Hours,Frank Sinatra,1955,Pop,"Standards,Vocal Jazz","lonely,melancholic,nocturnal,male vocalist,concept album,introspective,romantic,sentimental,breakup,soothing,mellow,longing,bittersweet,orchestral,love,lush,melodic,ballad,passionate,acoustic,atmospheric",49.37,Capitol,USA,N
Innerspeaker,Tame Impala,2010,Alternative,"Psychedelic Rock,Neo-Psychedelia,Psychedelic Pop,Garage Rock Revival","psychedelic,summer,male vocalist,warm,dense,mellow,hypnotic,surreal,melodic,introspective,atmospheric,lush,lonely,longing,ethereal,energetic,noisy,love,playful,uplifting,alienation,bittersweet,progressive,passionate",53.33,Modular,AUS,N
Inside Llewyn Davis (Original Soundtrack),Various Artists,2013,Soundtrack,"Film Soundtrack,Contemporary Folk","acoustic,pastoral,passionate,poetic,introspective,male vocalist,melodic",42.08,Nonesuch,USA,Y
It Is What It Is,Thundercat,2020,R&B,"Psychedelic Soul,Neo-Soul,Jazz Fusion,Nu Jazz,Alternative R&B,Synth Funk","playful,lush,psychedelic,warm,sensual,male vocalist,mellow,soft,melodic,love,bittersweet,party,atmospheric,quirky,uplifting,technical,longing,rhythmic,romantic,melancholic,introspective,breakup,dense,complex,humorous,progressive,surreal",37.62,Brainfeeder,USA,N
It's Blitz!,Yeah Yeah Yeahs,2009,Alternative,"New Rave,Synthpop,Dance-Punk,Electropop,Post-Punk Revival","uplifting,playful,energetic,female vocalist,melodic,nocturnal,urban,rhythmic,eclectic,party,quirky,love,bittersweet,longing,warm,ethereal,triumphant,anthemic,lush",41.73,Interscope,USA,N
JOY,Tatsuro Yamashita,1989,Pop,"City Pop,Yacht Rock,Funk,Boogie,Pop Soul,Smooth Jazz,Synth Funk,Kayokyoku","passionate,uplifting,melodic,male vocalist,urban,warm,optimistic,lush,summer,sentimental,playful,sensual,anthemic,longing,happy,romantic,ballad,triumphant,love,energetic",143.62,Moon,JPN,N
Jurassic Park Original Motion Picture Sound…,John Williams,1993,Soundtrack,"Film Score,Cinematic Classical","orchestral,epic,instrumental,suspenseful,mysterious,melodic",81.23,MCA,USA,Y
Katamari Fortissimo Damacy,Yu Miyake,2004,Soundtrack,"Video Game Music,Picopop,Shibuya-kei,Akishibu-kei,Lounge,J-Pop,Jazz","happy,uplifting,playful,eclectic,warm,energetic,melodic,lush,optimistic,male vocalist,female vocalist,anthemic,sentimental,summer,romantic,quirky,bittersweet,spring",75.38,Columbia JPN,JPN,Y
Katana ZERO Original Soundtrack,"Bill Kiley, LudoWic",2019,Soundtrack,"Synthwave,Video Game Music,Space Ambient","rhythmic,instrumental,mechanical,nocturnal,urban",100.28,Self-Released,USA,Y
Kick Out the Jams,MC5,1969,Rock,"Proto-Punk,Garage Rock,Hard Rock,Psychedelic Rock,Blues Rock","raw,energetic,rebellious,male vocalist,noisy,sexual,political,passionate,heavy,aggressive,manic,conscious,psychedelic,rhythmic,warm,chaotic,dense,anthemic,protest,violence,angry,infernal",40.05,Elektra,USA,N
Kid A,Radiohead,2000,Alternative,"Art Rock,Electronic,Ambient,IDM,Art Pop","cold,melancholic,futuristic,atmospheric,anxious,cryptic,abstract,male vocalist,sombre,alienation,existential,introspective,lonely,surreal,winter,mysterious,serious,dark,hypnotic,depressive,nocturnal,apocalyptic,rhythmic,ethereal,eclectic,apathetic,avant-garde,sampling,longing,ominous",49.98,Parlophone,GBR,N
Kind of Blue,Miles Davis,1959,Jazz,"Modal Jazz,Cool Jazz","instrumental,mellow,nocturnal,improvisation,soothing,calm,acoustic,progressive,meditative,melodic,melancholic,warm",45.9,Columbia,USA,N
Kwaidan,Meitei,2018,Electronic,"Tape Music,Ambient,Sound Collage,Spoken Word,Japanese Folk Music","sampling,lo-fi,nocturnal,abstract,cryptic,lethargic,male vocalist,mysterious,atmospheric,avant-garde,hypnotic,nature,paranormal,dark,forest,concept album",35.1,Self-Released,JPN,N
Led Zeppelin IV,Led Zeppelin,1971,Rock,"Hard Rock,Blues Rock,Folk Rock","fantasy,folklore,male vocalist,energetic,passionate,rhythmic,heavy,melodic,rebellious,longing,epic,cryptic,progressive,mysterious,sexual",42.6,Atlantic,GBR,N
Let There Be Rock,AC/DC,1977,Rock,"Hard Rock,Blues Rock,Rock & Roll","energetic,male vocalist,rebellious,heavy,sexual,raw,rhythmic,boastful,hedonistic,melodic,anthemic,passionate,playful",40.92,Atlantic,AUS,N
Leviathan,Mastodon,2004,Metal,"Sludge Metal,Progressive Metal","energetic,technical,aquatic,heavy,concept album,aggressive,progressive,male vocalist,poetic,uncommon time signatures,epic,complex,atmospheric,ominous,melodic,rhythmic,manic",46.8,Relapse,USA,N
Live at Leeds,The Who,1970,Rock,"Hard Rock,Blues Rock","energetic,raw,rebellious,male vocalist,improvisation,heavy,passionate,melodic,aggressive,uplifting,technical",129.75,Track,GBR,N
"Live at the Star Club, Hamburg",Jerry Lee Lewis,1964,Rock,"Rock & Roll,Honky Tonk,Boogie Woogie,Proto-Punk","energetic,raw,party,playful,male vocalist,boastful,love,manic,sexual,rhythmic",37.03,Philips,USA,N
London Calling,The Clash,1979,Rock,"New Wave,Punk Rock,Ska,Reggae,Rockabilly","political,energetic,rebellious,eclectic,male vocalist,rhythmic,passionate,urban,anthemic,conscious,protest,uplifting,quirky,melodic,playful",65.15,CBS,GBR,N
Lux Prima,Karen O & Danger Mouse,2019,Alternative,"Indie Pop,Art Rock,Trip Hop,Dream Pop,Neo-Psychedelia,Art Rock","female vocalist,urban,eclectic,psychedelic,space,introspective,poetic,romantic,longing,melancholic,melodic,atmospheric,bittersweet,ethereal,lush,cold,mysterious,futuristic,lonely,hypnotic,cryptic,apathetic,calm,rhythmic,mellow,surreal,nocturnal",40.77,BMG,USA,N
Madvillainy,MF DOOM & Madlib,2004,Hip-Hop,"Abstract Hip Hop,Jazz Rap,Experimental Hip Hop,Instrumental Hip Hop","sampling,playful,abstract,humorous,cryptic,male vocalist,mysterious,eclectic,surreal,boastful,drugs,mellow,technical,psychedelic,quirky,rhythmic,deadpan,urban,poetic,complex,crime,progressive,science fiction",46.37,Stones Throw,USA,N
MAGDALENE,fka twigs,2019,R&B,"Art Pop,Glitch Pop,Alternative R&B,Ambient Pop,Deconstructed Club","introspective,female vocalist,longing,melancholic,breakup,ethereal,atmospheric,lonely,sensual,love,progressive,sentimental,abstract,passionate,lush,melodic,surreal,bittersweet,futuristic,concept album,poetic,sombre,meditative,mechanical",38.88,Young Turks,GBR,N
Majesty Shredding,Superchunk,2010,Alternative,"Indie Rock,Power Pop,Pop Punk","uplifting,melodic,playful,male vocalist,energetic,longing",41.55,Merge,USA,N
Master of Reality,Black Sabbath,1971,Metal,"Heavy Metal,Traditional Doom Metal","heavy,dark,male vocalist,rhythmic,sombre,nocturnal,drugs,ominous,alienation,anthemic,war,dense,atmospheric,passionate,hypnotic,Christian,psychedelic,apocalyptic,death",34.4,Vertigo,GBR,N
Meddle,Pink Floyd,1971,Rock,"Progressive Rock,Space Rock,Psychedelic Rock,Folk Rock","mellow,psychedelic,atmospheric,mysterious,hypnotic,male vocalist,progressive,calm,surreal,complex,introspective,aquatic,space,epic,philosophical,warm,abstract,eclectic,ethereal,peaceful,lush,poetic",46.78,Harvest,GBR,N
Meow the Jewels,Run the Jewels,2015,Hip-Hop,"Novelty,Experimental Hip Hop,Hardcore Hip Hop,Animal Sounds","playful,novelty,male vocalist,aggressive,crime,political,conscious,angry,sampling,surreal,rhythmic,mechanical,noisy,cold,humorous",41.98,Mass Appeal,USA,N
Merriweather Post Pavilion,Animal Collective,2009,Alternative,"Psychedelic Pop,Neo-Psychedelia,Indietronica,Electronic,Art Pop,Sunshine Pop","psychedelic,summer,dense,uplifting,warm,happy,surreal,hypnotic,playful,male vocalist,melodic,optimistic,lush,romantic,Wall of Sound,aquatic,quirky,sentimental,atmospheric,longing,ethereal,love,bittersweet,energetic,sampling,rhythmic,passionate,progressive,repetitive",54.75,Domino,USA,N
Migration,Bonobo,2017,Electronic,"Downtempo,Future Garage,Nu Jazz,Trip Hop,Microhouse","atmospheric,calm,mellow,soothing,lush,sampling,warm,progressive,melancholic,breakup,melancholic",61.97,Ninja Tune,GBR,N
Mingus Ah Um,Charles Mingus,1959,Jazz,"Post-Bop, Hard Bop,Cool Jazz","instrumental,energetic,passionate,playful,improvisation,acoustic,complex,uplifting,melodic,technical,quirky,urban,political",57.05,Columbia,USA,N
Moanin',Art Blakey and the Jazz Messengers,1959,Jazz,Hard Bop,"improvisation,instrumental,acoustic,rhythmic,passionate,warm,energetic,playful,melodic,technical",40.22,Blue Note,USA,N
Modal Soul,nujabes,2005,Hip-Hop,"Jazz Rap,Instrumental Hip Hop,Deep House,Lo-Fi Hip Hop,Conscious Hip Hop,Psychedelic Soul","peaceful,mellow,soothing,sampling,warm,atmospheric,male vocalist,bittersweet,uplifting,melancholic,lush,optimistic,calm,rhythmic,soft,autumn,poetic,romantic,ethereal,spiritual,melodic,psychedelic,instrumental,lo-fi,playful,minimalistic,philosophical",63.52,Hydeout Productions,JPN,N
Moment of Truth,Gang Starr,1998,Hip-Hop,"Boom Bap,East Coast Hip Hop,Conscious Hip Hop,Turntablism","male vocalist,optimistic,urban,philosophical,rhythmic,sampling,conscious,boastful,mellow,crime,uplifting,introspective,melodic,spiritual,rebellious,political,warm",78.6,Noo Trybe,USA,N
Mr. Beast,Mogwai,2006,Alternative,"Post-Rock,Post-Metal","instrumental,melancholic,atmospheric,heavy,dark,noisy,male vocalist,melodic",43.38,Matador,GBR,N
Murmur,R.E.M.,1983,Alternative,"Jangle Pop,Alternative Rock,Post-Punk","cryptic,melodic,male vocalist,atmospheric,poetic,introspective,melancholic,mysterious,rhythmic,energetic,bittersweet,spring,anxious,psychedelic,hypnotic,autumn",44.13,I.R.S.,USA,N
Music Has the Right to Children,Boards of Canada,1998,Electronic,"IDM,Downtempo,Ambient,Trip Hop","atmospheric,mellow,hypnotic,mysterious,instrumental,rhythmic,psychedelic,sampling,warm,repetitive,soothing,aquatic,nature,surreal,melancholic,lush,bittersweet,meditative,cold,cryptic,nocturnal",71.05,Warp,GBR,N
Never Mind the Bollocks,Sex Pistols,1977,Rock,Punk Rock,"rebellious,male vocalist,energetic,sarcastic,political,angry,nihilistic,raw,misanthropic,anthemic,hedonistic,urban,satirical,vulgar,aggressive,pessimistic,melodic,rhythmic,alienation",38.93,Virgin,GBR,N
NieR Automata Original Soundtrack,"Keiichi Okabe, Kuniyuki Takahashi, Keigo Hoashi, Emi Evans",2017,Soundtrack,"Video Game Music,New Age,Cinematic Classical,Ambient,Classical Crossover,Epic Music,Neoclassical New Age","female vocalist,epic,atmospheric,melancholic,mysterious,lush,choral,ethereal,orchestral,cryptic,bittersweet,existential,apocalyptic,depressive,lonely,science fiction,sad,sombre,passionate,alienation,dense,anxious,dark,funereal",212.52,Square Enix,JPN,Y
No Depression,Uncle Tupelo,1990,Alternative,"Alt-Country,Country Rock,Cowpunk,Americana","energetic,male vocalist,alcohol,pastoral,passionate,introspective,bittersweet,existential,rebellious",58.83,Rockville,USA,N
No Mountains in Manhattan,Wiki,2017,Hip-Hop,"East Coast Hip Hop,Abstract Hip Hop,Boom Bap","male vocalist,quirky,rhythmic,introspective,urban,conscious,abstract",57.03,XL,USA,N
No Sleep 'til Hammersmith,Motörhead,1981,Rock,"Heavy Metal,Hard Rock,Speed Metal","energetic,heavy,male vocalist,aggressive,sexual,rhythmic,raw,rebellious,drugs,hedonistic,warm,crime,vulgar,dense,boastful",65.37,Bronze,GBR,N
Nuggets: Original Artyfacts from the First Psychedelic Era 1965-1968,Various Artists,1972,Rock,"Garage Rock,Psychedelic Rock,Proto-Punk,Psychedelic Pop,Blues Rock,Folk Rock,Rock & Roll,Blue-Eyed Soul,Acid Rock,Rhythm & Blues","psychedelic,raw,male vocalist,energetic,eclectic,rebellious,melodic,playful,passionate,warm,hedonistic,humorous,atmospheric,ethereal,lush,chaotic",77.42,Elektra,USA,Y
Odelay,Beck,1996,Alternative,"Alternative Rock,Neo-Psychedelia,Hip Hop,Slacker Rock,Electronic,Alt-Country,Contemporary Folk,Experimental Hip Hop","eclectic,playful,sampling,humorous,energetic,psychedelic,male vocalist,surreal,quirky,abstract,rhythmic,dense,noisy,uplifting,summer,chaotic,sarcastic,warm,melodic,avant-garde",54.37,DGC,USA,N
OK Computer,Radiohead,1997,Alternative,"Alternative Rock,Art Rock,Post-Britpop,Space Rock Revival","melancholic,anxious,alienation,male vocalist,futuristic,existential,lonely,atmospheric,cold,pessimistic,introspective,depressive,longing,dense,serious,urban,sarcastic,progressive,passionate,sad",53.47,Parlophone,GBR,N
Our Favourite Shop,The Style Council,1985,Pop,"Sophisti-Pop,Jazz Pop,Pop Soul,New Wave,Synthpop","political,eclectic,male vocalist,conscious,satirical,urban,melodic,female vocalist,rhythmic,protest,rebellious,energetic,lush",44.72,Polydor,GBR,N
Paracosm,Washed Out,2013,Alternative,"Chillwave,Dream Pop,Neo-Psychedelia,Dream Pop,Balearic Beat,Ambient Pop","summer,atmospheric,nature,peaceful,psychedelic,uplifting,mellow,hypnotic,calm,soft,lush,warm,male vocalist,sensual,melodic,tropical,bittersweet,ethereal",41.08,Sub Pop,USA,N
Paranoid,Black Sabbath,1970,Metal,"Heavy Metal,Hard Rock,Traditional Doom Metal,Blues Rock,Heavy Psych","war,dark,heavy,political,ominous,male vocalist,pessimistic,drugs,funereal,alienation,science fiction,rebellious,protest,melodic,anthemic,conscious,apocalyptic,psychedelic,nocturnal",41.8,Vertigo,GBR,N
Parklife,Blur,1994,Alternative,"Britpop,New Wave","playful,energetic,male vocalist,sarcastic,satirical,eclectic,melodic,urban,uplifting,quirky,humorous,psychedelic,bittersweet",52.85,Food,GBR,N
Patch the Sky,Bob Mould,2016,Alternative,"Alternative Rock,Power Pop","male vocalist,energetic,melodic,introspective,sad,heavy,atmospheric,lush",41.02,Merge,USA,N
Paul's Boutique,Beastie Boys,1989,Hip-Hop,"East Coast Hip Hop,Experimental Hip Hop,Plunderphonics,Mid-School Hip Hop","sampling,energetic,humorous,urban,playful,male vocalist,boastful,crime,sexual,rhythmic,complex,satirical,party,hedonistic,quirky,uplifting,suite,progressive,rebellious,abstract,surreal",53.18,Capitol,USA,N
Persona 5 Original Soundtrack,"Shoji Meguro, Lyn Inaizumi",2017,Soundtrack,"Video Game Music,Acid Jazz,Jazz-Funk,Jazz Fusion,Nu Jazz,Alternative Rock,Disco,Lounge","rhythmic,energetic,rebellious,triumphant,uplifting,atmospheric,urban,instrumental,female vocalist,melancholic,melodic,lush,mysterious,playful,nocturnal,bittersweet,warm,mellow,eclectic,passionate,progressive,epic,science fiction",227.45,ATLUS,JPN,Y
Pet Sounds,The Beach Boys,1966,Pop,"Baroque Pop,Sunshine Pop,Psychedelic Pop,Progressive Pop,Art Pop,Brill Building","Wall of Sound,bittersweet,love,warm,romantic,lush,melodic,introspective,melancholic,vocal group,male vocalist,passionate,sentimental,progressive,existential,polyphonic,longing,orchestral,summer,poetic,complex,psychedelic,playful",36.45,Capitol,USA,N
Placebo,Placebo,1996,Alternative,"Alternative Rock,Noise Pop,Post-Hardcore,Emo","introspective,drugs,melancholic,rebellious,LGBT,noisy,male vocalist,androgynous vocals,anxious,bittersweet,dissonant,passionate,energetic,longing,hedonistic,melodic,rhythmic,repetitive",50.28,Virgin,GBR,N
Powerslave,Iron Maiden,1984,Metal,"Heavy Metal,Progressive Metal","epic,energetic,history,melodic,male vocalist,triumphant,anthemic,violence,war,rhythmic,passionate,heavy,technical,progressive",50.97,EMI,GBR,N
Preston Family Crest,Night Rally,2006,Alternative,"Indie Rock,Post-Punk","male vocalist,abstract,rhythmic,party,quirky,energetic",62.66,Diamond Igloo,USA,N
Purple Mountains,Purple Mountains,2019,Alternative,"Alt-Country,Singer-Songwriter,Indie Rock,Folk Rock,Americana","depressive,death,introspective,lonely,suicide,alienation,sad,breakup,sarcastic,melancholic,male vocalist,poetic,deadpan,longing,sombre,bittersweet,melodic,serious,sentimental,humorous,existential,pessimistic,alcohol",44.42,Drag City,USA,N
Quadrophenia,The Who,1973,Rock,"Rock Opera,Hard Rock,Symphonic Rock,Progressive Rock,Art Rock","rock opera,introspective,epic,energetic,rebellious,passionate,male vocalist,bittersweet,dense,concept album,melodic,existential,progressive,triumphant,alienation,longing,aquatic,melancholic,lonely",82.38,Track,GBR,N
RAMMSTEIN,Rammstein,2019,Metal,"Neue Deutsche Härte,Industrial Metal,Gothic Metal","male vocalist,heavy,anthemic,rhythmic,melodic,energetic,aggressive,epic,dark,ominous,dense,cold,introspective,humorous,violence,poetic,anxious,sexual",46.43,Universal,DEU,N
R.A.P. Music,Killer Mike,2012,Hip-Hop,"Southern Hip Hop,Hardcore Hip Hop,Political Hip Hop,Conscious Hip Hop,Gangsta Rap,Political Hip Hop","political,angry,crime,urban,aggressive,energetic,male vocalist,rebellious,violence,boastful,passionate,rhythmic,conscious,sampling,vulgar,heavy,dense,raw",45.92,Williams Street,USA,N
Rage Against the Machine,Rage Against the Machine,1992,Rock,"Rap Metal,Funk Metal,Political Hip Hop,Post-Hardcore","political,protest,aggressive,rebellious,angry,energetic,male vocalist,heavy,rhythmic,conscious,passionate,anthemic,urban,serious,anarchism,crime,raw,violence",57.77,Epic,USA,N
Random Access Memories,Daft Punk,2013,Electronic,"Disco,Electronic,Synth Funk,Electro-Disco,Smooth Soul","rhythmic,party,melodic,playful,male vocalist,lush,uplifting,eclectic,optimistic,warm,romantic,bittersweet,summer,futuristic,nocturnal,progressive,love,hedonistic,atmospheric,mellow",74.57,Columbia,FRA,N
Reign in Blood,Slayer,1986,Metal,"Thrash Metal,Death Metal","aggressive,satanic,death,energetic,infernal,heavy,violence,angry,manic,male vocalist,anti-religious,misanthropic,apocalyptic,hateful,disturbing,rhythmic,ominous,dark,technical,crime",28.92,Def Jam,USA,N
Relationship of Command,At the Drive-In,2000,Alternative,"Post-Hardcore,Emo","energetic,passionate,cryptic,anxious,aggressive,technical,male vocalist,angry,melodic,anthemic,rebellious,manic,progressive,rhythmic,conscious,urban",53.68,Fearless,USA,N
Remain in Light,Angélique Kidjo,2018,World,"Afro-Funk,Fon Music,Afrobeat,New Wave,Jazz-Funk","female vocalist,rhythmic,energetic,passionate,melodic,tribal,playful,political,boastful",36.38,Kravenworks,BEN,N
Revolver,The Beatles,1966,Rock,"Pop Rock,Psychedelic Pop,Psychedelic Rock","psychedelic,melodic,male vocalist,eclectic,playful,drugs,warm,quirky,surreal,happy,longing,bittersweet,love,poetic,lonely",34.73,Parlophone,GBR,N
Road Trip,Pistol McFly,2019,Hip-Hop,West Coast Hip Hop,,46.93,Self-Released,USA,N
RTJ4,Run the Jewels,2020,Hip-Hop,"Hardcore Hip Hop,Political Hip Hop,Experimental Hip Hop","male vocalist,political,aggressive,boastful,sampling,conscious,energetic,urban,rhythmic,passionate,dark,rebellious,protest,angry,vulgar,serious,drugs,nocturnal,heavy,technical",39,Jewel Runners,USA,N
Rust in Peace,Megadeth,1990,Metal,"Thrash Metal,Technical Thrash Metal,Heavy Metal","energetic,political,war,technical,male vocalist,aggressive,heavy,apocalyptic,conscious,complex,angry,progressive,melodic,epic,science fiction",42.35,Capitol,USA,N
Sambomaster Has Something to Say to You,Sambomaster,2005,World,"J-Rock,Funk Rock,Alternative Rock,Power Pop,Post-Hardcore","energetic,passionate,male vocalist,uplifting,heavy,rhythmic",52.05,Sony,JPN,N
SBTRKT,SBTRKT,2011,Electronic,"Future Garage,UK Funky,Purple Sound,Alternative R&B,2-Step","urban,sensual,nocturnal,love,energetic,male vocalist,warm,rhythmic,mellow,female vocalist,atmospheric",40.47,Young Turks,GBR,N
Seventeen Going Under,Sam Fender,2021,Rock,"Heartland Rock,Alternative Rock,Singer-Songwriter,Big Music","male vocalist,introspective,passionate,political,serious,existential,melancholic,anthemic,warm,energetic",63.7,Polydor,GBR,N
Sgt. Pepper's Lonely Hearts Club Band,The Beatles,1967,Rock,"Psychedelic Pop,Pop Rock,Art Rock,Psychedelic Rock,Baroque Pop,Sunshine Pop,Music Hall","psychedelic,playful,melodic,male vocalist,eclectic,lush,optimistic,warm,uplifting,summer,quirky,progressive,concept album,drugs,surreal,love,polyphonic,happy",39.75,Parlophone,GBR,N
Silent Alarm,Bloc Party,2005,Alternative,"Post-Punk Revival,Dance-Punk","rhythmic,male vocalist,urban,energetic,anxious,conscious,cold,political,passionate,love,introspective,winter,alienation,technical,melancholic,melodic,anthemic,atmospheric,bittersweet,dense,ethereal,pessimistic,nocturnal",50.6,Wichita,GBR,N
SimCity 4 Deluxe Original Soundtrack,Various Artists,2007,Soundtrack,"Video Game Music,Nu Jazz,Ambient,Downtempo,Nu Jazz,Drum and Bass","urban,instrumental,atmospheric,mellow,nocturnal,rhythmic,soothing,hypnotic,eclectic,female vocalist",195.62,Electronic Arts,USA,Y
Sol-Fa,ASIAN KUNG-FU GENERATION,2004,World,"Power Pop,J-Rock,Post-Hardcore","male vocalist,energetic,melodic,passionate,introspective,melancholic,anthemic,urban",46.62,Kioon,JPN,N
Sometimes I Might Be Introvert,Little Simz,2021,Hip-Hop,"UK Hip Hop,Conscious Hip Hop,Neo-Soul,Jazz Rap,Orchestral","orchestral,lush,introspective,female vocalist,conscious,eclectic,uplifting,rhythmic,triumphant,poetic,warm,epic,philosophical,passionate,sampling,optimistic,serious,dense,urban,progressive,boastful,political,existential,mellow",65.22,Age 101,GBR,N
Songs for the Deaf,Queens of the Stone Age,2002,Rock,"Stoner Rock,Alternative Rock,Stoner Metal,Radio Broadcast Recordings","desert,energetic,heavy,concept album,drugs,male vocalist,psychedelic,rhythmic,summer,melodic,hedonistic,rebellious,warm,dense,sexual,aggressive,humorous,eclectic,atmospheric",60.98,Interscope,USA,N
SOUND & FURY,Sturgill Simpson,2019,Rock,"Blues Rock,Psychedelic Rock,Hard Rock,Southern Rock,Boogie Rock","concept album,male vocalist,noisy,dense,psychedelic,warm,rhythmic,energetic,melodic,dark",41.2,Elektra,USA,N
Splendor & Misery,clipping.,2016,Hip-Hop,"Industrial Hip Hop,Abstract Hip Hop,Spirituals,Noise,Experimental Hip Hop,Dark Ambient,Hardcore Hip Hop","science fiction,concept album,futuristic,mechanical,abstract,minimalistic,noisy,atmospheric,existential,male vocalist,spiritual,space,ominous,anxious,avant-garde,lonely,dark,nihilistic,rhythmic,poetic,love,conscious,scary,breakup,suspenseful",37.12,Sub Pop,USA,N
St. Elsewhere,Gnarls Barkley,2006,Soul,"Neo-Soul,Pop Soul","male vocalist,sampling,playful,melodic,rhythmic,eclectic,introspective,quirky,urban,existential,love,bittersweet,energetic,psychedelic,alienation,anxious,summer,passionate,self-hatred,warm",37.53,Downtown,USA,N
Stay Gold,Neon Bunny,2016,World,"Electropop,Future Bass,Synthpop,Downtempo","ethereal,romantic,female vocalist,nocturnal,sentimental,longing,urban,lush",35.02,West Bridge,KOR,N
Step in the Arena,Gang Starr,1991,Hip-Hop,"East Coast Hip Hop,Jazz Rap,Conscious Hip Hop,Turntablism,Boom Bap","urban,male vocalist,mellow,rhythmic,boastful,conscious,sampling,calm,warm,serious,philosophical,technical,poetic,uplifting,hypnotic",50.6,Chrysalis,USA,N
Sticky Fingers,The Rolling Stones,1971,Rock,"Blues Rock,Country Rock,Hard Rock,Rhythm & Blues","drugs,male vocalist,sexual,energetic,hedonistic,raw,rebellious,passionate,melodic,rhythmic,playful,longing",46.43,Rolling Stones,GBR,N
Summerteeth,Wilco,1999,Alternative,"Indie Rock,Pop Rock,Alt-Country,Chamber Pop,Psychedelic Pop","bittersweet,male vocalist,melancholic,summer,sentimental,warm,uplifting,lonely,melodic,lush,atmospheric,psychedelic,love,sad,introspective",60.38,Reprise,USA,N
Takk…,Sigur Rós,2005,Alternative,"Post-Rock,Dream Pop","ethereal,uplifting,atmospheric,melancholic,mellow,lush,soothing,bittersweet,passionate,epic,warm,orchestral,triumphant,peaceful,melodic,androgynous vocals,calm,sentimental,soft,dense,male vocalist,spring,chamber music,optimistic,romantic,cryptic,uncommon time signatures",65.55,EMI,ISL,N
Ten,Pearl Jam,1991,Rock,"Grunge,Alternative Rock,Hard Rock","passionate,energetic,male vocalist,melancholic,angry,melodic,anthemic,heavy,alienation,bittersweet,longing,lonely,death,dark,pessimistic,sombre,depressive,existential",53.37,Epic,USA,N
Texas Flood,Stevie Ray Vaughan & Double Trouble,1983,Blues,"Blues Rock,Electric Texas Blues,Rock & Roll","energetic,male vocalist,improvisation,passionate,love,technical,raw,melodic,rhythmic,longing,playful,warm,breakup,sensual",38.62,Epic,USA,N
The Album of the Soundtrack of the Trailer of the Film of Monty Python and the Holy Grail,Monty Python,1975,Spoken Word,"Comedy,Film Soundtrack,Musical Comedy,Satire,Sketch Comedy","humorous,concept album,male vocalist,skit,satirical,medieval",57.97,Charisma,GBR,Y
The Bends,Radiohead,1995,Alternative,"Alternative Rock,Post-Britpop","melancholic,lonely,melodic,anxious,introspective,bittersweet,male vocalist,existential,alienation,longing,passionate,pessimistic,sad,depressive,poetic,sombre",48.66,Parlophone,GBR,N
The Biz,The Sea and Cake,1995,Alternative,"Indie Rock,Jazz-Rock,Post-Rock,Neo-Acoustic,Tropicália,Post-Punk","warm,uplifting,mellow,bittersweet,lush,male vocalist,melodic",38.42,Thrill Jockey,USA,N
The Blackening,Machine Head,2007,Metal,"Groove Metal,Thrash Metal","heavy,aggressive,male vocalist,political,hateful,energetic,dark,angry,passionate,vulgar,melodic,rhythmic,epic,misanthropic",61.07,Roadrunner,USA,N
The Dark Side of the Moon,Pink Floyd,1973,Rock,"Art Rock,Progressive Rock,Psychedelic Rock,Space Rock","atmospheric,philosophical,existential,introspective,concept album,male vocalist,mellow,psychedelic,progressive,poetic,epic,alienation,serious,space,nocturnal,abstract,calm,melodic,medley",42.88,Harvest,GBR,N
The Doors,The Doors,1967,Rock,"Psychedelic Rock,Blues Rock,Acid Rock","psychedelic,drugs,poetic,sexual,dark,male vocalist,mysterious,cryptic,nocturnal,hedonistic,existential,passionate,sombre,alcohol,alienation,hypnotic,philosophical,surreal,urban,atmospheric,melancholic,death",43.85,Elektra,USA,N
The Epic,Kamasi Washington,2015,Jazz,"Spiritual Jazz,Soul Jazz,Post-Bop,Jazz Fusion","epic,uplifting,spiritual,lush,meditative,progressive,melodic,optimistic,instrumental,concept album,complex,technical,soothing,dense,atmospheric,passionate,energetic,playful,choral,improvisation,female vocalist",173.6,Brainfeeder,USA,N
The Great Recordings,Christopher Parkening,1993,Classical,Western Classical Music,,144.68,EMI,USA,Y
The Kinks Are the Village Green Preservation Society,The Kinks,1968,Rock,"Pop Rock,Psychedelic Pop,Baroque Pop,Sunshine Pop,Folk Rock","warm,melodic,bittersweet,summer,sentimental,pastoral,male vocalist,quirky,playful,concept album,mellow,romantic,poetic,lush,psychedelic,longing,introspective",40.13,Pye,GBR,N
The Low End Theory,A Tribe Called Quest,1991,Hip-Hop,"Jazz Rap,East Coast Hip Hop,Conscious Hip Hop,Boom Bap","rhythmic,mellow,urban,sampling,male vocalist,conscious,playful,boastful,nocturnal,poetic,humorous,warm,hypnotic,uplifting",48.07,Jive,USA,N
"The Music of Grand Theft Auto V, Vol. 1: Original Music",Various Artists,2013,Soundtrack,"Video Game Music,West Coast Hip Hop,Electropop,Indietronica,Punk Rock,Garage Rock",,63.27,Mass Appeal,USA,Y
The Party,Andy Shauf,2016,Alternative,"Chamber Pop,Singer-Songwriter,Indie Folk,Soft Rock","lush,bittersweet,introspective,concept album,anxious,mellow,male vocalist,soft,acoustic,lonely,death",37.48,ANTI-,CAN,N
The Queen is Dead,The Smiths,1986,Alternative,"Jangle Pop,Indie Pop,Post-Punk","lonely,sarcastic,melancholic,poetic,melodic,introspective,bittersweet,humorous,male vocalist,longing,existential,sentimental,nocturnal,romantic,satirical,passionate,lush,rebellious,alienation",37.15,Rough Trade,GBR,N
The Rise and Fall of Ziggy Stardust and the Spiders from Mars,David Bowie,1972,Rock,"Glam Rock,Pop Rock,Art Rock,Rock Opera","science fiction,melodic,concept album,male vocalist,passionate,anthemic,rock opera,bittersweet,energetic,triumphant,sentimental,quirky,playful,LGBT,epic,poetic",38.62,RCA,GBR,N
The Satanist,Behemoth,2014,Metal,"Death Metal,Black Metal","satanic,heavy,male vocalist,triumphant,infernal,dark,epic,misanthropic,rebellious,passionate,occult,atmospheric,aggressive,anti-religious,ominous,dense,angry",44.37,Nuclear Blast,POL,N
The Seldom Seen Kid,Elbow,2008,Alternative,"Indie Rock,Post-Britpop,Dream Pop,Chamber Pop","warm,melancholic,introspective,dense,lush,poetic,love,sombre,death,alcohol,uplifting,progressive,sentimental,male vocalist,sad,bittersweet",54.62,Fiction,GBR,N
The Slow Rush,Tame Impala,2020,Alternative,"Psychedelic Pop,Neo-Psychedelia,Synthpop,Indietronica,Nu-Disco,Balearic Beat","male vocalist,introspective,psychedelic,warm,melodic,atmospheric,existential,bittersweet,mellow,lush,love,sentimental,summer,lonely,longing,dense,melancholic,rhythmic,hypnotic,quirky,ethereal,surreal,party",57.4,Modular,AUS,N
The Soft Bulletin: Live at Red Rocks,"The Flaming Lips, Colorado Symphony Orchestra",2019,Alternative,"Neo-Psychedelia,Chamber Pop,Psychedelic Pop,Symphonic Rock,Progressive Pop,Art Pop,Dream Pop","epic,orchestral,bittersweet,lush,male vocalist,uplifting,existential,melodic,Wall of Sound,melancholic,nocturnal,psychedelic,sentimental,summer,death,triumphant,love,progressive,dense,space,anthemic,science fiction,complex,ethereal,quirky",66.27,Warner Bros.,USA,N
The Velvet Underground & Nico,The Velvet Underground & Nico,1967,Rock,"Art Rock,Experimental Rock,Proto-Punk,Noise Rock,Garage Rock,Psychedelic Rock","drugs,raw,sexual,noisy,urban,avant-garde,male vocalist,eclectic,female vocalist,hedonistic,rebellious,nihilistic,deadpan,dissonant,apathetic,alienation,lo-fi,psychedelic,poetic,introspective,dark,death,melodic,lonely,existential",48.95,Verve,USA,N
The WIRED CD,WIRED Magazine,2004,Compilation,,,,WIRED/Creative Commons,USA,Y
This Is a Long Drive for Someone with Nothing to Think About,Modest Mouse,1996,Alternative,"Indie Rock,Slacker Rock,Post-Hardcore,Midwest Emo,Post-Rock","anxious,melancholic,lonely,raw,depressive,existential,introspective,male vocalist,noisy,alienation,bittersweet,sad,pessimistic,atmospheric,poetic,sarcastic,lo-fi,self-hatred,cold,melodic,passionate,rebellious,rhythmic,pastoral,autumn,nocturnal,longing,dissonant,sombre,sentimental,manic,concept album,repetitive",74.05,Up,USA,N
"Those Who Tell the Truth Shall Live, Those Who Tell the Truth Shall Die",Explosions in the Sky,2001,Alternative,Post-Rock,"instrumental,atmospheric,melancholic,uplifting,epic,apocalyptic,triumphant,passionate,optimistic,sampling",49.92,Temporary Residence,USA,N
Thriller,Michael Jackson,1982,Pop,"Contemporary R&B,Pop,Dance-Pop,Disco,Funk,Pop Soul,Synth Funk,Dance-Pop","energetic,romantic,male vocalist,melodic,party,rhythmic,playful,sensual,love,passionate,lush,anthemic,warm,nocturnal,sentimental,eclectic,urban,optimistic,mellow",42.3,Epic,USA,N
"Thunder, Lightning, Strike",The Go! Team,2004,Alternative,"Indietronica,Indie Rock,Alternative Dance,Plunderphonics,Hip Hop,Indie Pop,Slacker Rock,Noise Pop,Pep Band,Psychedelic Pop,UK Hip Hop,Turntablism","energetic,happy,playful,uplifting,sampling,eclectic,triumphant,quirky,lo-fi,female vocalist,optimistic,dense,summer,melodic,rhythmic,passionate,anthemic,warm,sports,noisy,androgynous vocals,bittersweet,instrumental,urban,party,sentimental,psychedelic,abstract",40.87,Memphis Industries,GBR,N
Tim,The Replacements,1985,Alternative,"Alternative Rock,Power Pop,Jangle Pop,Punk Rock,Heartland Rock","bittersweet,male vocalist,melodic,lonely,introspective,energetic,passionate,sarcastic,melancholic,sentimental,anthemic,longing,anxious,raw,alcohol,suicide,autumn,poetic,urban",37.15,Sire,USA,N
To Pimp a Butterfly,Kendrick Lamar,2015,Hip-Hop,"Conscious Hip Hop,West Coast Hip Hop,Jazz Rap,Political Hip Hop,Neo-Soul,Funk,Poetry,Experimental Hip Hop","political,conscious,concept album,poetic,introspective,protest,urban,male vocalist,eclectic,passionate,complex,religious,spiritual,rhythmic,Christian,existential,progressive,serious,dense,uplifting,epic,triumphant,death,melancholic,philosophical",79,TDE,USA,N
To See the Next Part of the Dream,Parannoul,2021,Alternative,"Shoegaze,Emo,Noise Pop,Post-Rock,Post-Hardcore,Indie Rock","noisy,melancholic,raw,introspective,male vocalist,self-hatred,depressive,alienation,atmospheric,dense,sad,longing,concept album,lo-fi,ethereal,lonely,warm,poetic,spring,bittersweet,lush,anxious,pessimistic,nihilistic,sentimental,urban,passionate,sampling",61.65,Self-Released,KOR,N
Tortoise,Tortoise,1994,Alternative,"Post-Rock,Krautrock,Electronic,Dub,Jazz-Rock,Ambient","instrumental,mellow,atmospheric,hypnotic,rhythmic,repetitive,warm,progressive,avant-garde,nocturnal,uncommon time signatures",50.32,Thrill Jockey,USA,N
Toxicity,System of a Down,2001,Metal,"Alternative Metal,Nu Metal,Avant-Garde Metal","political,manic,heavy,aggressive,male vocalist,conscious,playful,quirky,protest,energetic,rhythmic,anxious,philosophical,melodic,eclectic,war,cryptic,drugs,sarcastic,passionate,angry,humorous,serious,dark,progressive,anthemic",44.02,Columbia,USA,N
Under the Iron Sea,Keane,2006,Alternative,"Piano Rock,Post-Britpop,Pop Rock,Art Rock","male vocalist,melancholic,atmospheric,winter,passionate,aquatic,cold,sarcastic,anxious,serious,dark,pessimistic",50.45,Island,GBR,N
Veckatimest,Grizzly Bear,2009,Alternative,"Psychedelic Folk,Psychedelic Pop,Indie Folk,Chamber Pop,Indie Rock,Neo-Psychedelia,Art Rock","mellow,melancholic,autumn,atmospheric,male vocalist,melodic,lush,pastoral,warm,psychedelic,longing,introspective,surreal,progressive,ethereal,bittersweet,romantic,love,poetic,soothing,fantasy",52.43,Warp,USA,N
VEGA INTL. Night School,Neon Indian,2015,Electronic,"Synthpop,Chillwave,Synth Funk,Synthwave,Future Funk,Dance-Pop","party,energetic,futuristic,playful,rhythmic,melodic,summer,male vocalist,nocturnal,dense,warm,lush,eclectic,quirky,urban,ethereal,tropical,uplifting,hypnotic,sensual,passionate,atmospheric",51.48,Mom + Pop,USA,N
Vince Staples,Vince Staples,2021,Hip-Hop,"West Coast Hip Hop,Trap,Conscious Hip Hop,Pop Rap,Gangsta Rap","male vocalist,deadpan,mellow,apathetic,conscious,crime,melancholic,sampling,minimalistic,lethargic,rhythmic,alienation,anxious,nocturnal,misanthropic,sombre,boastful,melodic,bittersweet,lonely,atmospheric,cold,psychedelic,nihilistic,drugs",22.03,Blacksmith,USA,N
Vulture Prince,Arooj Aftab,2021,Jazz,"Chamber Folk,Ghazal,Qawwali,Chamber Jazz,Thumri,Singer-Songwriter","calm,lush,female vocalist,ethereal,acoustic,melancholic,chamber music,soothing,love,introspective,atmospheric,bittersweet,passionate,optimistic,pastoral,nocturnal,nature",46.57,New Amsterdam,PAK,N
Weezer (Blue Album),Weezer,1994,Alternative,"Power Pop,Alternative Rock,Geek Rock,Pop Punk,Emo","melodic,energetic,male vocalist,bittersweet,summer,playful,anthemic,lonely,passionate,introspective,alienation,longing,anxious,breakup,quirky,melancholic,uplifting,love,heavy,sentimental",41.28,DGC,USA,N
Wenu Wenu,Omar Souleyman,2013,World,Dabke,"party,repetitive,hypnotic,male vocalist,rhythmic,energetic,poetic,warm,desert,manic,improvisation,complex,atmospheric",39.77,Ribbon Music,SYR,N
What Is?,King Khan and the Shrines,2007,Alternative,"Garage Rock,Psychedelic Rock,Soul,Garage Rock,Rhythm & Blues","urban,party,aggressive,noisy,lo-fi,raw,psychedelic,male vocalist,sexual,fun,space,manic,melodic,hedonistic",50.03,Hazelwood,DEU,N
WHAT WE DREW 우리가 그려왔던,yaeji,2020,Electronic,"Ambient House,Hip House,UK Bass,Alternative R&B,Experimental Hip Hop","rhythmic,atmospheric,female vocalist,nocturnal,urban,futuristic,repetitive,mellow,summer,mysterious,ethereal,hypnotic,soothing",38.65,XL,USA,N
What's Going On,Marvin Gaye,1971,Soul,"Soul,Smooth Soul","conscious,political,passionate,lush,mellow,male vocalist,Christian,melodic,spiritual,concept album,warm,peaceful,protest,bittersweet,soothing,sentimental,uplifting,religious,rhythmic,existential,atmospheric,progressive,medley,war,optimistic,urban",35.58,Tamla,USA,N
(What's the Story) Morning Glory?,Oasis,1995,Rock,"Britpop,Neo-Psychedelia","melodic,male vocalist,uplifting,anthemic,dense,bittersweet,passionate,warm,energetic,lush,urban,Wall of Sound,summer,introspective",50.1,Creation,GBR,N
Where Did Our Love Go?,The Supremes,1964,Soul,"Girl Group,Motown Sound,Pop Soul","romantic,female vocalist,melodic,love,vocal group,lush,longing,uplifting,bittersweet,happy,soft,energetic",30.93,Motown,USA,N
Wincing the Night Away,The Shins,2007,Alternative,"Indie Pop,Psychedelic Pop,Indie Rock,Neo-Psychedelia","atmospheric,bittersweet,melodic,male vocalist,surreal,nocturnal,psychedelic,aquatic,introspective,melancholic,warm,breakup,lush",41.78,Sub Pop,USA,N
Wish You Were Here,Pink Floyd,1975,Rock,"Progressive Rock,Art Rock,Space Rock","melancholic,atmospheric,progressive,male vocalist,concept album,serious,longing,introspective,alienation,existential,bittersweet,meditative,sentimental,epic,complex,melodic,lonely",44.18,Harvest,GBR,N
Yankee Hotel Foxtrot,Wilco,2001,Alternative,"Indie Rock,Art Rock,Americana,Alt-Country,Art Rock","melancholic,bittersweet,male vocalist,poetic,sentimental,melodic,autumn,introspective,atmospheric,longing,love,lonely,alienation,lush,sad,existential,alcohol,warm,sombre,depressive",51.85,Nonesuch,USA,N
You're Dead!,Flying Lotus,2014,Electronic,"Nu Jazz,Wonky,Jazz Fusion,Experimental Hip Hop,Glitch Hop,Spiritual Jazz","death,psychedelic,complex,concept album,melancholic,spiritual,atmospheric,apocalyptic,rhythmic,abstract,male vocalist,sampling,suite,energetic,progressive,lush,quirky,existential,introspective,epic,technical,surreal,eclectic",38.05,Warp,USA,N
You're Living All Over Me,Dinosaur Jr.,1987,Alternative,"Noise Rock,Slacker Rock,Indie Rock,Post-Hardcore,Noise Pop,Grunge","noisy,lo-fi,raw,male vocalist,energetic,melancholic,anxious,melodic,lonely,dense,alienation,bittersweet,heavy,apathetic,dissonant,longing,warm,self-hatred,introspective,passionate,autumn,chaotic,poetic,depressive",36.13,SST,USA,N
Z,My Morning Jacket,2005,Alternative,"Indie Rock,Neo-Psychedelia,Indie Pop,Country Rock","male vocalist,mysterious,melodic,warm,melancholic,passionate,eclectic,psychedelic,anthemic,playful,nocturnal",47,ATO,USA,N
#1 Record,Big Star,1972,Rock,"Power Pop,Folk Pop","melodic,bittersweet,romantic,uplifting,summer,optimistic,playful,love,male vocalist,sentimental,warm,passionate,melancholic,mellow,longing",37.05,Ardent,USA,N
3-D THE CATALOGUE,Kraftwerk,2017,Electronic,"Synthpop,Progressive Electronic,Techno,Electro,Minimal Techno,Ambient","futuristic,male vocalist,melodic,cold,atmospheric,rhythmic,mechanical",285.82,Kling Klang,DEU,Y
11:11,Rodrigo y Gabriela,2009,World,"Acoustic Rock,Latin Rock,Flamenco","warm,acoustic,technical,melodic,energetic,instrumental",45.77,Rubyworks,MEX,N
Bakesale,Sebadoh,1994,Alternative,"Indie Rock,Slacker Rock,Noise Pop,Grunge","anxious,angry,pessimistic,misanthropic,melodic,lo-fi,sarcastic,alienation,male vocalist,depressive,lonely,energetic,melancholic,self-hatred,warm,bittersweet,raw,apathetic,noisy",41.51,Sub Pop,USA,N
Hotel California,Eagles,1976,Rock,"Pop Rock,Country Rock,Soft Rock","male vocalist,melancholic,sentimental,summer,nocturnal,melodic,concept album,ballad,passionate,soft,love",43.46,Asylum,USA,N
Yoshimi Battles the Pink Robots,The Flaming Lips,2002,Alternative,"Neo-Psychedelia,Psychedelic Pop,Dream Pop,Electronic,Space Rock Revival,Space Rock,Downtempo","science fiction,psychedelic,warm,male vocalist,existential,philosophical,melodic,bittersweet,summer,lush,uplifting,atmospheric,playful,hypnotic,death,sentimental,love,futuristic,optimistic,surreal,introspective,quirky,longing,passionate,melancholic,dense,space,concept album,romantic,epic",47.42,Warner Bros.,USA,N
Superunkown,Soundgarden,1994,Rock,"Grunge,Hard Rock,Alternative Metal,Stoner Rock,Psychedelic Rock","uncommon time signatures,heavy,dark,male vocalist,sad,passionate,sombre,psychedelic,melodic,depressive,melancholic,energetic,rhythmic,anxious,pessimistic,self-hatred,nocturnal,complex,technical,death,abstract,angry,progressive",70.23,A&M,USA,N
Run the Jewels 2,Run the Jewels,2014,Hip-Hop,"Hardcore Hip Hop,Experimental Hip Hop,Political Hip Hop","aggressive,energetic,political,boastful,angry,crime,male vocalist,urban,rebellious,vulgar,conscious,violence,humorous,rhythmic,drugs,sarcastic,sampling,introspective,playful,anti-religious",38.93,Mass Appeal,USA,N
Currents,Tame Impala,2015,Alternative,"Psychedelic Pop,Synthpop,Neo-Psychedelia,Dream Pop,Alternative R&B","psychedelic,love,melodic,bittersweet,breakup,anxious,male vocalist,lush,dense,warm,hypnotic,nocturnal,atmospheric,mellow,ethereal,lonely,rhythmic,introspective,sentimental",51.1,Modular,AUS,N
Lonerism,Tame Impala,2012,Alternative,"Neo-Psychedelia,Psychedelic Rock,Psychedelic Pop,Space Rock Revival","psychedelic,summer,warm,lovely,lush,introspective,melodic,dense,male vocalist,surreal,alienation,melancholic,atmospheric,Wall of Sound,ethereal,uplifting,romantic,longing,bittersweet,existential,hypnotic,love,lo-fi,mellow",51.83,Modular,AUS,N
Run the Jewels 3,Run the Jewels,2016,Hip-Hop,"Hardcore Hip Hop,Political Hip Hop,Experimental Hip Hop","male vocalist,aggressive,boastful,political,energetic,angry,rebellious,conscious,rhythmic,crime,urban,sampling,vulgar,triumphant,technical",51.6,"Run the Jewels, Inc.",USA,N
Souls of Black,Testament,1990,Metal,"Thrash Metal,Heavy Metal","male vocalist,dark,energetic,heavy,aggressive,pessimistic,raw",39.23,Atlantic,USA,N
Selected Ambient Works 85-92,Aphex Twin,1992,Electronic,"Ambient,Techno,IDM,Chillout","atmospheric,futuristic,ethereal,instrumental,hypnotic,soothing,rhythmic,mellow,repetitive,calm,mysterious,peaceful,meditative,cold,melodic,polyphonic,progressive,nocturnal,lo-fi",74.33,Apollo,GBR,N
Farm,Dinosaur Jr.,2009,Alternative,"Alternative Rock,Indie Rock,Noise Rock","male vocalist,melancholic,noisy,melodic,lethargic,heavy,bittersweet,introspective",60.65,Jagjaguwar,USA,N
Fleet Foxes,Fleet Foxes,2008,Folk,"Chamber Folk,Indie Folk,Folk Pop,Baroque Pop","pastoral,nature,warm,melodic,lush,acoustic,male vocalist,uplifting,bittersweet,poetic,autumn,spring,melancholic,romantic,forest,folklore,passionate,introspective,medieval,ethereal,vocal group,seasonal,soothing",39.37,Sub Pop,USA,N
The Hunter,Mastodon,2011,Metal,"Progressive Metal,Stoner Metal,Sludge Metal","energetic,psychedelic,male vocalist,heavy,progressive,nature,eclectic,melodic,rhythmic,dense,technical,aggressive,fantasy,passionate,playful",53.03,Reprise,USA,N
Crack the Skye,Mastodon,2009,Metal,"Progressive Metal,Sludge Metal,Stoner Metal,Heavy Psych","fantasy,concept album,psychedelic,male vocalist,progressive,melodic,heavy,epic,atmospheric,spiritual,philosophical,death,poetic,cryptic,dense,passionate,complex,surreal,paranormal,technical,energetic,sombre,bittersweet,melancholic",50.10,Reprise,USA,N
Psychic Chasms,Neon Indian,2009,Electronic,"Chillwave,Synthpop,Psychedelic Pop,Hypnagogic Pop","summer,psychedelic,warm,lo-fi,playful,male vocalist,mellow,drugs,hypnotic,atmospheric,lethargic,lush,happy,ethereal,sampling,surreal,futuristic,melodic,eclectic",30.58,Lefse,USA,N
(),Sigur Rós,2002,Alternative,"Post-Rock,Ambient,Dream Pop","melancholic,atmospheric,ethereal,soothing,winter,cold,lush,bittersweet,calm,sombre,mysterious,sentimental,peaceful,meditative,androgynous,vocals,nocturnal,passionate,mellow,lonely,epic,hypnotic,soft,male vocalist,repetitive,cryptic,spiritual",71.75,FatCat,ISL,N
Rubber Factory,The Black Keys,2004,Rock,"Blues Rock,Garage Rock","raw,energetic,male vocalist,love,longing,melodic,rhythmic,lo-fi,passionate,warm",41.55,Fat Possum,USA,N
Past is Prologue,Tycho,2006,Electronic,"Downtempo,IDM,Chillwave,Folktronica,Neo-Psychedelia","instrumental,warm,peaceful,repetitive,atmospheric,lush,rhythmic,soft,calm,mellow,sampling,ethereal,uplifting,melodic",63.42,Ghostly International,USA,N
Vampire Weekend,Vampire Weekend,2008,Alternative,"Indie Pop,Indie Rock,Chamber Pop,Soukous","playful,male vocalist,warm,happy,summer,melodic,quirky,humorous,energetic,uplifting,love,bittersweet,tropical,lush,mellow,rhythmic,eclectic",34.07,XL,USA,N
Alien Lanes,Guided by Voices,1995,Alternative,"Slacker Rock,Power Pop,Noise Pop,Jangle Pop,Post-Punk","lo-fi,melodic,playful,energetic,male vocalist,raw,surreal,eclectic,warm,humorous,bittersweet,summer,passionate,abstract,psychedelic,cryptic,alcohol,noisy,suite",41.02,Matador,USA,N
